id,title,hashtags,view_count,duration,channel,channel_id,description,description_links,created_at,like_count,dislike_count,subscriber_count,hours ago posted,total_interactions,video_url
xOQsRt6H8CBi,Why Are They Building SECRET DETENTION CAMPS in All 50 States? w/ J.J. Carrell,No Hashtags,149,57:01,bc1qmcff7k4xq9y3wm6l6ddgzkftu0rq6v44wfcv4q,united-by-truth,No Description,[],3¬†hours ago,2,1,1125,3,152,https://api.bitchute.com/video/xOQsRt6H8CBi
a3fW1zuQZ4A,Currency Wars Ignite as US Places Japan Back on Manipulator Watchlist: Gareth Soloway,No Hashtags,95,27:51,ITM Trading,itmtradinginc,"The U.S. plan to put Japan back on the currency manipulator watch list underscores the significance of Japan dumping U.S. debt, says Gareth Soloway, Chief Market Strategist at VerifiedInvesting. He explains to Daniela Cambone how Japan‚Äôs move impacts interest rates, pushing them up artificially due to the excess supply in the market. ‚ÄúIt actually could take control away from the Federal Reserve in terms of monetary policy. And that's where things get really messy,‚Äù he warns. On gold, Soloway remains bullish long-term, noting that if key players in monetary supply are accumulating gold, it signals a crucial insight into the market's future direction. ‚ÄúIf the players that are creating the monetary supply are loading up on gold, it tells us everything we need to know,‚Äù he states. Watch the insightful interview to learn more about his views on the economy and other precious metals.


üì∞ JOIN DANIELA'S NEWSLETTER: <https://learn.itmtrading.com/daniela>


üìû PROTECT YOUR WEALTH AND ASSETS: Learn how to secure your retirement from market crashes, inflation, de-dollarization, and other hidden threats that could jeopardize your future plans. Schedule your in-depth strategy session today. <https://calendly.com/itmtrading/500?utm_content=DC07022024> or call 866-706-9061


""ITM did a great job of educating me on the history of the dollar, the financial markets, the banks, gold, and the laws so that I had a better understanding of things."" - Kristen W.


üìñ FREE DOWNLOAD: YOUR ULTIMATE DECISION-MAKING GUIDE ON GOLD AND SILVER: <https://learn.itmtrading.com/buyers-guide-dc?VID=DC07022024>


üìñ CHAPTERS:  
00:00 Powell‚Äôs comment on the economy  
2:58 Disconnect between the economy and government data  
4:44 U.S. dollar  
6:20 U.S. and Japan  
8:05 Japan dumping the U.S. debt  
9:04 Japan‚Äôs economy  
11:29 Gold price  
14:06 Gold retail investors sentiment   
14:58 Silver  
16:26 Palladium  
17:26 Bitcoin  
20:48 Solana  
22:02 NVDA  
25:16 Roaring Kitty ""cult""


üëã STAY IN TOUCH WITH ITM & DANIELA


üü© Schedule a Strategy ..

","['https://learn.itmtrading.com/daniela', 'https://calendly.com/itmtrading/500?utm_content=DC07022024', 'https://learn.itmtrading.com/buyers-guide-dc?VID=DC07022024']",21¬†hours ago,1,0,758,21,96,https://api.bitchute.com/video/a3fW1zuQZ4A
_3FfX89xUy4,Global Bioengineering: A History of Blood Clotting with Clifford Carnicom,No Hashtags,77,3:58,Solari Report,solarireport,"By Elze van Hamelen


Increasingly, global spraying or ‚Äúgeoengineering‚Äù is becoming a topic of open discussion, with pictures of sprayed skies trending on social media, and states like Tennessee, Minnesota, and New Hampshire passing or introducing bills to ban the spraying operations in their states. However, while many people and politicians are only now asking questions about what is in our skies, this week‚Äôs guest, independent researcher Clifford Carnicom, began asking those questions over 25 years ago.


Full Report: <https://home.solari.com/global-bioengineering-a-history-of-blood-clotting-with-clifford-carnicom/> 


Subscribe to [shop.solari.com](http://shop.solari.com)

","['https://home.solari.com/global-bioengineering-a-history-of-blood-clotting-with-clifford-carnicom/', 'http://shop.solari.com']",3¬†hours ago,8,0,4759,3,85,https://api.bitchute.com/video/_3FfX89xUy4
MkdSoqwtm3k,How FED Destroys The Housing Market!,No Hashtags,57,0:56,Jason Hartman,jasonhartman,No Description,[],19¬†hours ago,0,0,252,19,57,https://api.bitchute.com/video/MkdSoqwtm3k
pAdjy7u6Lfvx,"Bitcoin $150K this year?? Fiat is robbing you, OpenSats Bitcoin grants, Nostr - Ep.148","#bitcoin,#btc,#nostr",52,10:55,Fractal Bitcoin,fractalbitcoin,"Today‚Äôs Bitcoin news! 


PRICE UPDATE: 


Today Bitcoin‚Äôs price has dropped a tiny bit into the $62k range. Patience. 


BULLISH: 


JUST IN: #Bitcoin price will still hit $150K this year - Fundstrat's Tom Lee. POST: <https://x.com/BTC_Archive/status/1808091243609808961>


This is my favorite bitcoin metric and it tells me that I should be open to $300,000 BTC in 2025‚Ä¶ POST: <https://x.com/apsk32/status/1807588157564543174>


#Bitcoin is the King üëë. POST: <https://x.com/Swan/status/1808176716575302086>


NEVER FORGET: 


Bitcoin price: $80. Today, everyone who didn't listen is up 80,000% ‚ú®. POST: <https://x.com/pete_rizzo_/status/1808107231822401673>


January, 3rd 2009 is the World's 4th of July. POST: <https://primal.net/e/note1yvc05zshd8j52knla4xk5pc7sy80ahl7hugxaxd5yew7cy075rkq36q9xl>


FIAT/GOVERNMENT NONSENSE: 


JUST IN: üá¶üá∑ Argentina's President Milei says the nation will no longer print money: We are going to the zero issuance stage....what we aim for is that the broad monetary base does not vary.‚Äù Inflation in Argentina is was 64% in the first 4 months of 2024. POST: <https://x.com/RadarHits/status/1808081767833681985>


The New York Times: The first Amendment is out of control. Max Keiser @maxkeiser: No. Money printing is out of control. The people who control money printing are blaming free speech for their collapse. #Bitcoin kills fiat money & central banks. #Bitcoin guarantees free speech. POST: <https://x.com/maxkeiser/status/1808181881147437060>


When all the productivity gains of the last centuries are distributed to a few through government money printing. R.I.P. Europe. POST: <https://primal.net/e/note1vlarjdty0wcp0g7fvlr6srqgjmk3rny49k8uv0ugzg576ksgw2jqhvl2xh>


Mars bar: 2000 vs 2024 #shrinkflation. POST: <https://x.com/JayW132/status/1807745138304684329>


DEVELOPMENT: 


OpenSats Announces 5th Wave of Bitcoin Grants. OpenSats, a non-profit organization that supports the development of free and open-source software and projects, has announced its 5th wave of Bitcoin grants for 10 more Bitcoin projects. ARTICLE: <https://www.nobsbitcoin.com/opensats-announces-5th-wave-of-bitcoin-grants/>


BITCOIN AND NOSTR: 


üß° #Bitcoin #Nostr üíú. POST: <https://primal.net/e/note1vkfalrk4x9f7uv46tjc3p6s2dzrkt7euufawktuv4k6s2v3fcflq2z5cx2>


Subscribe to Fractal Bitcoin for your daily Bitcoin news! 


‚Ä¶and share our channel with that one friend you have that would probably love quick Bitcoin news every day ;) 


Join our Locals community (free) ‚Äî <https://fractalbitcoin.locals.com/>

","['https://x.com/BTC_Archive/status/1808091243609808961', 'https://x.com/apsk32/status/1807588157564543174', 'https://x.com/Swan/status/1808176716575302086', 'https://x.com/pete_rizzo_/status/1808107231822401673', 'https://primal.net/e/note1yvc05zshd8j52knla4xk5pc7sy80ahl7hugxaxd5yew7cy075rkq36q9xl', 'https://x.com/RadarHits/status/1808081767833681985', 'https://x.com/maxkeiser/status/1808181881147437060', 'https://primal.net/e/note1vlarjdty0wcp0g7fvlr6srqgjmk3rny49k8uv0ugzg576ksgw2jqhvl2xh', 'https://x.com/JayW132/status/1807745138304684329', 'https://www.nobsbitcoin.com/opensats-announces-5th-wave-of-bitcoin-grants/', 'https://primal.net/e/note1vkfalrk4x9f7uv46tjc3p6s2dzrkt7euufawktuv4k6s2v3fcflq2z5cx2', 'https://fractalbitcoin.locals.com/']",21¬†hours ago,0,0,16,21,52,https://api.bitchute.com/video/pAdjy7u6Lfvx
cfs8V3NKtnXw,What Are Typical Returns For Major Traditional Investments?,"#bitcoin,#cryptocurrency,#investments",49,13:45,BackToConstitution,backtoconstitution,"Looking at investments and comparing them with the past 13 years of performance of bitcoin

",[],20¬†hours ago,0,0,4150,20,49,https://api.bitchute.com/video/cfs8V3NKtnXw
cmDGMN8lGDEz,First One: Democratic congressman calls for Biden to withdraw from 2024 race,"#biden,#democrats,#election",32,5:34,@BoogieFinger,boogiefinger,"Jul 2, 2024  
Rep. Lloyd Doggett of Texas has become the first Democratic lawmaker to call for President Biden to withdraw from the 2024 presidential race against former President Donald Trump. CBS News congressional correspondent Scott MacFarlane is following the reactions to Mr. Biden's debate performance.

",[],20¬†hours ago,1,0,849,20,33,https://api.bitchute.com/video/cmDGMN8lGDEz
4bDaysl2mMw,nothing matters until you acquire this asset [MUST WATCH!],No Hashtags,32,28:36,Nicholas Merten,nicholasmerten,"#bitcoin #crypto #stocks   
Consider dropping a like if you enjoyed the video and say hello to Russ! üëç


A free trade of 500 USDT on ByBit as mentioned: <https://partner.bybit.com/b/ddash500>


To get access to free Russ's Alerts on Telegram, sign up for the DashReport üíπ‚û°Ô∏è <http://nicholasmerten.com/dashreport/>


I will provide my broader trades and intraweek updates on Twitter :   
<https://twitter.com/RSvinia>


00:00 - The Proven Model To Analyse Any Market  
04:55 - How Do I Build Conviction And Apply It (Step-By-Step Guide)  
23:38 - Silver And Other Asset Classes  
----------------------------------------------------------------------------------------------------------  
If you want me to be able to contact you in case of further issues, here's our email list: <https://forms.gle/ADorNSFkkGbggJHY6>


What are your thoughts on what we discussed? Feel free to leave a comment below! Thank you all so much for watching the video. If you enjoyed the video, please consider dropping a like, subscribing, and ringing the bell icon.


----------------------------------------------------------------------------------------------------------  
üë• For advertising, consulting, speaking, or other business inquiries  
reach out to us at: <http://nicholasmerten.com/advertising/>


Alternatively, feel free to reach us at: [contactdatadash@gmail.com](mailto:contactdatadash@gmail.com)  
----------------------------------------------------------------------------------------------------------


WARNING:


I WILL NEVER PURSUE PROJECTS THROUGH TELEGRAM OR OTHER SOCIAL MEDIA OUTLETS. CONTACT MY EMAIL LISTED BELOW FIRST AND THEN VERIFY MY IDENTITY THROUGH A VIDEO CALL BEFORE MOVING FORWARD WITH SPONSORSHIPS. THERE ARE MANY SCAMMERS IN CRYPTO. EMAIL SPOOFING IS RAMPANT, SO VERIFY MY IDENTITY THROUGH VIDEO


BEWARE OF SCAM COMMENTS REQUESTING YOU TO SEND FUNDS. THESE ARE IMPERSONATORS, AS WE WILL NEVER REQUEST YOU TO SEND PAYMENTS


Disclaimer: DataDash (""Company"") and The Dash Report are not an investment advisory service, nor a registere..

","['https://partner.bybit.com/b/ddash500', 'http://nicholasmerten.com/dashreport/', 'https://twitter.com/RSvinia', 'https://forms.gle/ADorNSFkkGbggJHY6', 'http://nicholasmerten.com/advertising/', 'mailto:contactdatadash@gmail.com']",5¬†hours ago,0,0,173,5,32,https://api.bitchute.com/video/4bDaysl2mMw
4SDDxJrrPHU,Trading Futures Order Flow 01 Jul 2024,No Hashtags,31,2:29:35,Speculator Seth,speculatorseth,"Free 2 tweek trial of my NinjaTrader Indicator package: <http://www.speculatorseth.com>


Please check out the below affiliate links. The channel gets a commission from affiliate links, and that goes into making better content for the channel. 


Jigsaw Daytradr Independent coupon:  
 <https://members.jigsawtrading.com/signup/Independent?coupon=speculatorseth>


Journalytix subscription coupon:  
<https://members.jigsawtrading.com/signup/JRetail/?coupon=speculatorseth>


FinancialJuice News Squawk Affiliate Link: <https://rl110.isrefer.com/go/SETH/SETH/>


Get your TRADERS GONNA TRADE mug: <https://merch.streamelements.com/speculatorseth>


SpeculatorSeth on TikTok:   
<https://tiktok.com/@SpeculatorSeth>  
<https://tiktok.com/@RealStockMarketSteve>


SpeculatorSeth on Facebook: <https://www.facebook.com/SpeculatorSeth-367030897234872>  
Order Flow: <https://www.facebook.com/groups/421730445190982/>  
Treasuries: <https://www.facebook.com/groups/983601728692661/>


Permanent Livestream URL: <https://www.youtube.com/c/SpeculatorSeth/live>


Join our discord server! <https://discord.gg/8XemVjc>  
Become a subscriber to my patreon campaign for exclusive indicators and data!: <https://www.patreon.com/SpeculatorSeth> 


Hypothetical Performance Disclosure:


Hypothetical performance results have many inherent limitations, some of which are described below. no representation is being made that any account will or is likely to achieve profits or losses similar to those shown; in fact, there are frequently sharp differences between hypothetical performance results and the actual results subsequently achieved by any particular trading program. One of the limitations of hypothetical performance results is that they are generally prepared with the benefit of hindsight. In addition, hypothetical trading does not involve financial risk, and no hypothetical trading record can completely account for the impact of financial risk of actual trading. for example, the ability to withstand losses or to adhere to a particular trading..

","['http://www.speculatorseth.com', 'https://members.jigsawtrading.com/signup/Independent?coupon=speculatorseth', 'https://members.jigsawtrading.com/signup/JRetail/?coupon=speculatorseth', 'https://rl110.isrefer.com/go/SETH/SETH/', 'https://merch.streamelements.com/speculatorseth', 'https://tiktok.com/@SpeculatorSeth', 'https://tiktok.com/@RealStockMarketSteve', 'https://www.facebook.com/SpeculatorSeth-367030897234872', 'https://www.facebook.com/groups/421730445190982/', 'https://www.facebook.com/groups/983601728692661/', 'https://www.youtube.com/c/SpeculatorSeth/live', 'https://discord.gg/8XemVjc', 'https://www.patreon.com/SpeculatorSeth']",22¬†hours ago,0,0,14,22,31,https://api.bitchute.com/video/4SDDxJrrPHU
olKC74f5gyQP,Send high-quality video emails using O-Mail.,"#onpassive,#AIbusinessBOOSTorg,#ashmufareh",29,0:21,Kasper Breinholt,aibusinessboostorg,"Looking for a fresh start with a unique email-adress? Get your new, free AI-powered OMAIL now! Act fast to claim your dream address ‚Äì [yourname@omail.ai](mailto:yourname@omail.ai). Don‚Äôt miss out, secure your perfect email today! Get an FREE AI O-Mail from ONPASSIVE: <https://o-trim.co/pressHERE> 

","['mailto:yourname@omail.ai', 'https://o-trim.co/pressHERE']",11¬†hours ago,0,0,10,11,29,https://api.bitchute.com/video/olKC74f5gyQP
DahKgcNb6pnK,The Day It Rained Fish: Strange Weather Phenomenons Around the World,"#affiliate,#marketing,#for",29,1:01,wowoffers,wowoffers,"The Day It Rained Fish: Strange Weather Phenomenons Around the World


Explore bizarre weather events like fish rain and other peculiar atmospheric occurrences that have baffled people worldwide.


‚úÖ How to make $20k/mo!  
üëâ <https://linktr.ee/smartmoneyandstrategies>  
‚úÖ Follow Me On Telegram üòä  
üëâ <https://t.me/SmartMoneySecrets7>  
‚úÖ Follow Me On Pinterest üòä  
üëâ <https://www.pinterest.com/SmartMoneySecrets/>  
‚úÖ New ""ChatGPT-4.o"" App Automatically Promotes  
ANY Affiliate Link Making Us A Passive  
$529/day In 60 Seconds! üëâ <https://bit.ly/getOpus>


#WeirdWeather #FishRain #StrangeNature #WeatherPhenomena #UnexplainedEvents


animal rain, unusual weather, meteorological anomalies, atmospheric phenomena, freak storms, unexplained occurrences, climate curiosities, fish falls, frog rain, environmental mysteries, weather folklore


","['https://linktr.ee/smartmoneyandstrategies', 'https://t.me/SmartMoneySecrets7', 'https://www.pinterest.com/SmartMoneySecrets/', 'https://bit.ly/getOpus']",10¬†hours ago,0,0,29,10,29,https://api.bitchute.com/video/DahKgcNb6pnK
78t9s2LrRWE,Bitcoin's HODL Culture,No Hashtags,29,7:23,Trader University,trader_university,"Get members-only videos every month:  
<https://www.youtube.com/@Bitcoin_University/join>


In this video, I discuss Bitcoin's culture of hodling, and how important it is both for building strong individuals and families, as well as creating the precondition for a Bitcoin circular economy to develop.


By contrast, crypto is all about gambling, musical chairs, and the hopeless quest to find the next fastest horse.


Near the end of the video, I share some of my thoughts on 4th July and the American Revolution:


Bitcoin is a spiritual successor to the decentralized governance model laid out by the US founding fathers. The American Revolution showed humanity one way out of the tyranny of centralization.


The Bitcoin revolution that we are fighting today is not against kings, but rather against petty tyrants and bureaucrats and bloodthirsty politicians and their central bank puppet masters who pull the strings.


Bitcoin is freedom money, not just for Americans, but also for our 8 billion brothers and sisters.


Bitcoin is freedom money for the world.


Not investment advice! Consult a financial advisor.


Is Kaspa The Next Bitcoin?  
[https://www.youtube.com/watch?v=GodfG2hMMXs&amp;ab\_channel=BitcoinUniversity](https://www.youtube.com/watch?v=GodfG2hMMXs&amp%3Bab_channel=BitcoinUniversity)


Bootstrapping Bitcoin:  
[https://www.youtube.com/watch?v=6DIxr8fmP2s&amp;ab\_channel=BitcoinUniversity](https://www.youtube.com/watch?v=6DIxr8fmP2s&amp%3Bab_channel=BitcoinUniversity)


Bitcoin hodling memes:  
<https://blog.lolli.com/content/images/2020/07/first-name.png>  
[https://encrypted-tbn0.gstatic.com/images?q=tbn:ANd9GcSZ1juKkO1NIrAKcZ2jf83TkxkwOs6DgxOQEQ&amp;s](https://encrypted-tbn0.gstatic.com/images?q=tbn%3AANd9GcSZ1juKkO1NIrAKcZ2jf83TkxkwOs6DgxOQEQ&amp%3Bs=)  
<https://bitcoinmagazine.com/.image/t_share/MTgwMjAwMjIxMjQ5MTE5MzU0/image6.jpg>


The EOS scam:  
<https://crypto.marketswiki.com/index.php?title=Block.one>  
<https://bitcointreasuries.net/>


I am not being paid or otherwise compensated by any company or cryptocurrency project that I mention in my videos. My opinion is not for sale. Please do not contact me with any affiliate or advertising deals. 


#Bitcoin   
#crypto 


Disclaimer   
Neither Bitcoin University, nor any of its directors, officers, shareholde..

","['https://www.youtube.com/@Bitcoin_University/join', 'https://www.youtube.com/watch?v=GodfG2hMMXs&amp%3Bab_channel=BitcoinUniversity', 'https://www.youtube.com/watch?v=6DIxr8fmP2s&amp%3Bab_channel=BitcoinUniversity', 'https://blog.lolli.com/content/images/2020/07/first-name.png', 'https://encrypted-tbn0.gstatic.com/images?q=tbn%3AANd9GcSZ1juKkO1NIrAKcZ2jf83TkxkwOs6DgxOQEQ&amp%3Bs=', 'https://bitcoinmagazine.com/.image/t_share/MTgwMjAwMjIxMjQ5MTE5MzU0/image6.jpg', 'https://crypto.marketswiki.com/index.php?title=Block.one', 'https://bitcointreasuries.net/']",5¬†hours ago,2,0,353,5,31,https://api.bitchute.com/video/78t9s2LrRWE
aXqXKlbseeM,Seller Financing Strategies for an Unwanted Inherited Property?,No Hashtags,28,4:06,Note Queen,notequeen,"Where to find me: http:// Seller Financing Strategies for an Unwanted Inherited Property?.ee/dawnrickabaugh  
To attend 'Property & Paper Live' and ask your own questions, register here:   
<http://PropertyAndPaper.com>


Landlords: Double the Income You're Collecting in Rent!!  
<http://BoomerRealEstateRescue.com>  
<http://NoteQueen.com>  
==========================================  
If you are looking to invest in notes, please review my Investor Partner Checklist:  
<https://notequeen.com/new-investing-partner-checklist/>


To see what we have available visit:  
<http://notequeen.com/shop>


If you have property or paper (real estate or notes) to sell, we'd love to talk with you: [support@notequeen.com](mailto:support@notequeen.com)


For help with an owner financed real estate transaction, book a 15 min Discovery Session or a 1 hour Deep Dive Strategy Session here: <https://notequeen.com/consulting/>


To roll over (or start) a crypto qualified retirement account, visit iTrust:  
[https://www.itrustcapital.com/?referral\_id=JZ1NMK&amp;utm\_source=RAF](https://www.itrustcapital.com/?referral_id=JZ1NMK&amp%3Butm_source=RAF)


My preferred financial calculator: <https://inadaydevelopment.com/10bii-financial-calculator/>


The Dance Between Property & Paper...  
Creating financial solutions, just one Mom n' Pop to another :)


\_\_\_\_\_\_\_\_\_\_\_\_


Interested in selling your property? Visit our website for an OFFER on your home today!  
<https://nqcapitalinc.com/>


Follow/Connect:


LinkedIn: <https://www.linkedin.com/in/dawn-rickabaugh-8986822b7/>  
Facebook: <https://www.facebook.com/dawn.notequeen>  
Instagram: <https://www.instagram.com/dawnrickabaugh/>


\_\_\_\_\_\_\_\_\_\_\_\_\_


LIKE. SHARE. SUBSCRIBE. üè°


Give this video a thumbs up if you enjoyed watching üëç


#realestate #inherited #seller 


Thanks for watching the video: Seller Financing Strategies for an Unwanted Inherited Property?

","['http://PropertyAndPaper.com', 'http://BoomerRealEstateRescue.com', 'http://NoteQueen.com', 'https://notequeen.com/new-investing-partner-checklist/', 'http://notequeen.com/shop', 'mailto:support@notequeen.com', 'https://notequeen.com/consulting/', 'https://www.itrustcapital.com/?referral_id=JZ1NMK&amp%3Butm_source=RAF', 'https://inadaydevelopment.com/10bii-financial-calculator/', 'https://nqcapitalinc.com/', 'https://www.linkedin.com/in/dawn-rickabaugh-8986822b7/', 'https://www.facebook.com/dawn.notequeen', 'https://www.instagram.com/dawnrickabaugh/']",12¬†hours ago,0,0,44,12,28,https://api.bitchute.com/video/aXqXKlbseeM
sLmO0FgKee2S,What is a comfortable mortgage payment you are comfortable with when buying a home,No Hashtags,28,1:07,DDAMortgage,ddamortgage,"Didier Malagies nmls212566  
DDA Mortgage nmls324329  
#mortgage #mortgagepayment #mortgagetips

",[],7¬†hours ago,0,1,21,7,29,https://api.bitchute.com/video/sLmO0FgKee2S
FyblwnxdTsI,"Vote for Real Change, Vote for Dan Pe√±a | Get POLITICAL with Dan",No Hashtags,27,2:38,Dan Pe√±a - The Trillion Dollar Man,danspena,"Watch the full 'Get POLITICAL with Dan | Ep19' video here:  
[youtube.com/watch?v=00DbP9PjEQc](https://youtube.com/watch?v=00DbP9PjEQc) .


This is Dan's official video series on everything and anything POLITICAL! Stay tuned for more upcoming videos as he delves into the world of politics!


Follow his OFFICIAL FACEBOOK PAGE (POLITICS):  
<https://www.facebook.com/danpenaukpolitics>


Follow his social media accounts:  
TWITTER: <https://twitter.com/danspena>  
TIKTOK: <https://www.tiktok.com/@trilliondollarman>  
INSTAGRAM: <https://www.instagram.com/danspena>  
LINKEDIN: <https://uk.linkedin.com/in/danpena>  
FACEBOOK: <https://www.facebook.com/danspenasr>  
FACEBOOK: <https://www.facebook.com/danpenaukpolitics>  
YOUTUBE: <https://www.youtube.com/DanPena-TheTrillionDollarMan>


\*\*\* All content posted for the purpose of UK politics on this YouTube Channel is promoted by Dan Pe√±a or Guthrie Castle Ltd., Guthrie Castle, Guthrie, Forfar, Angus, DD8 2TP

","['https://youtube.com/watch?v=00DbP9PjEQc', 'https://www.facebook.com/danpenaukpolitics', 'https://twitter.com/danspena', 'https://www.tiktok.com/@trilliondollarman', 'https://www.instagram.com/danspena', 'https://uk.linkedin.com/in/danpena', 'https://www.facebook.com/danspenasr', 'https://www.facebook.com/danpenaukpolitics', 'https://www.youtube.com/DanPena-TheTrillionDollarMan']",3¬†hours ago,0,1,1026,3,28,https://api.bitchute.com/video/FyblwnxdTsI
5wwDAwlOSt17,Personal Finance and Health Advice: Is It Worth Buying $1 Comics?,"#comic,#book,#investing",24,1:34,chycho,chycho,"FULL LIVE STREAM: Personal Finance, Survival, Civil Wars, Crypto, Collapse, Science, Education, Family, Society & more  
<https://www.bitchute.com/video/x4LKsVuwMmZH/>


‚ñ∂Ô∏è Guilded Server: <https://www.guilded.gg/chycho> 


COMIC BOOK PLAYLISTS:   
- Comic Books: <https://www.youtube.com/playlist?list=PL9sfzC9bUPxnxixuAMr-_mqJHaEFZ8ugb>  
- Comic Book Hauls: <https://www.youtube.com/playlist?list=PL9sfzC9bUPxm_pjKjr_g-NjC8iknVycgN>  
- Reading Comics (Comic Book Readings): <https://www.youtube.com/playlist?list=PL9sfzC9bUPxk-dxeDJMeZBgXUqcnJlHd1>


\*\*\*SUPPORT\*\*\*  
‚ñ∂Ô∏è Patreon: <https://www.patreon.com/chycho>  
‚ñ∂Ô∏è Paypal: <https://www.paypal.me/chycho>  
‚ñ∂Ô∏è Substack: <https://chycho.substack.com/>  
‚ñ∂Ô∏è Buy Me a Coffee: <https://www.buymeacoffee.com/chycho>  
‚ñ∂Ô∏è Subscribe Star: <https://www.subscribestar.com/chycho>  
‚ñ∂Ô∏è Streamlabs at: <https://streamlabs.com/chycholive>  
‚ñ∂Ô∏è YouTube Membership: <https://www.youtube.com/channel/UCe4HBBAeK0CYoir4LjXU8fA/join>  
‚ñ∂Ô∏è ...and crypto, see below. 


\*\*\*WEBSITE\*\*\*  
‚ñ∂Ô∏è Website: <http://www.chycho.com>


\*\*\*LIVE STREAMING\*\*\*  
‚ñ∂Ô∏è Twitch: <https://www.twitch.tv/chycholive>


\*\*\*VIDEO PLATFORMS\*\*\*  
‚ñ∂Ô∏è YouTube: <https://www.youtube.com/@chycho>  
‚ñ∂Ô∏è BitChute: <https://www.bitchute.com/channel/chycho>  
‚ñ∂Ô∏è Rumble: <https://rumble.com/c/chycho>  
‚ñ∂Ô∏è Odysee: <https://odysee.com/$/invite/@chycho:6>  
‚ñ∂Ô∏è Twitch: <https://www.twitch.tv/chycholive>


\*\*\*FORUM\*\*\*  
‚ñ∂Ô∏è Guilded Server: <https://www.guilded.gg/chycho>


\*\*\*SOCIAL MEDIA\*\*\*  
‚ñ∂Ô∏è Twitter: <https://twitter.com/chycho>  
‚ñ∂Ô∏è Minds: <https://www.minds.com/chycho>  
‚ñ∂Ô∏è Gab: <https://gab.ai/chycho>  
‚ñ∂Ô∏è Vk: <https://vk.com/id580910394>  
‚ñ∂Ô∏è Gettr: <https://gettr.com/user/chycho>  
‚ñ∂Ô∏è Substack Notes: <https://substack.com/notes>  
‚ñ∂Ô∏è Truth Social: <https://truthsocial.com/@chycho>


\*\*\*AUDIO/PODCASTS\*\*\*  
‚ñ∂Ô∏è SoundCloud: <https://soundcloud.com/chycho>


\*\*\*CRYPTO\*\*\*  
‚ñ∂Ô∏è As well as Cryptocurrencies:   
Bitcoin (BTC): 1Peam3sbV9EGAHr8mwUvrxrX8kToDz7eTE  
Bitcoin Cash (BCH): 18KjJ4frBPkXcUrL2Fuesd7CFdvCY4q9wi  
Ethereum (ETH): 0xCEC12Da3D582166afa8055137831404Ea7753FFd  
Ethereum Classic (ETC): 0x348E8b9C0e7d71c32fB2a70DcABCB890b979441c  
Litecoin (LTC): LLak2kfmtqoiQ5X4zhdFpwMvkDNPa4UhGA  
Dash (DSH): XmHxibwbUW9MRu2b1oHSrL951yoMU6XPEN  
ZCash (ZEC): t1S6G8gqmt6rWjh3XAyAkRLZSm9Fro93kAd  
Doge (DOGE): D83vU3XP1SLogT5eC7tNNNVzw4fiRMFhog


Peace.


chycho


<http://www.chycho.com>

","['https://www.bitchute.com/video/x4LKsVuwMmZH/', 'https://www.guilded.gg/chycho', 'https://www.youtube.com/playlist?list=PL9sfzC9bUPxnxixuAMr-_mqJHaEFZ8ugb', 'https://www.youtube.com/playlist?list=PL9sfzC9bUPxm_pjKjr_g-NjC8iknVycgN', 'https://www.youtube.com/playlist?list=PL9sfzC9bUPxk-dxeDJMeZBgXUqcnJlHd1', 'https://www.patreon.com/chycho', 'https://www.paypal.me/chycho', 'https://chycho.substack.com/', 'https://www.buymeacoffee.com/chycho', 'https://www.subscribestar.com/chycho', 'https://streamlabs.com/chycholive', 'https://www.youtube.com/channel/UCe4HBBAeK0CYoir4LjXU8fA/join', 'http://www.chycho.com', 'https://www.twitch.tv/chycholive', 'https://www.youtube.com/@chycho', 'https://www.bitchute.com/channel/chycho', 'https://rumble.com/c/chycho', 'https://odysee.com/$/invite/@chycho:6', 'https://www.twitch.tv/chycholive', 'https://www.guilded.gg/chycho', 'https://twitter.com/chycho', 'https://www.minds.com/chycho', 'https://gab.ai/chycho', 'https://vk.com/id580910394', 'https://gettr.com/user/chycho', 'https://substack.com/notes', 'https://truthsocial.com/@chycho', 'https://soundcloud.com/chycho', 'http://www.chycho.com']",5¬†hours ago,2,0,1507,5,26,https://api.bitchute.com/video/5wwDAwlOSt17
lfYXDYneRbkM,Como instalar o Tails num pendrive,"#TailsPendrive,#InstalarTails,#TailsElectrum",22,12:41,Prometheus HODL,prometheus-hodl,"Vai comprar na AMAZON use nosso link <https://amzn.to/3NzZMOF>  
Endere√ßos Lightning  
Blink: [prometheus@blink.sv](mailto:prometheus@blink.sv)  
Alby: [prometheusyt@getalby.com](mailto:prometheusyt@getalby.com)


<https://livepix.gg/prometheushodl>


Siga minhas outras redes sociais  
<https://www.youtube.com/@PROmetheusHODL/featured?sub_confirmation=1>  
Grupo Telegram: <https://bit.ly/3sNYuYI>  
Twitter X: <https://bit.ly/3Z5MOwx>  
0dysee: <https://bit.ly/419U3Vy>  
Rumbl3: <https://4br.me/Rumbl3>  
Bitchute: <https://bit.ly/3TOxK4l>

","['https://amzn.to/3NzZMOF', 'mailto:prometheus@blink.sv', 'mailto:prometheusyt@getalby.com', 'https://livepix.gg/prometheushodl', 'https://www.youtube.com/@PROmetheusHODL/featured?sub_confirmation=1', 'https://bit.ly/3sNYuYI', 'https://bit.ly/3Z5MOwx', 'https://bit.ly/419U3Vy', 'https://4br.me/Rumbl3', 'https://bit.ly/3TOxK4l']",17¬†hours ago,0,0,3,17,22,https://api.bitchute.com/video/lfYXDYneRbkM
TPVSlCFWERzL,Let‚Äôs Discuss Positive Jealousy & That‚Äôs Not For Me - Idea Diary Ep.240,"#business,#meditation,#marketing",19,7:07,valerieaiello,valerieaiello,"In Episode 240 of Idea Diary - Today, I ramble about Jake Ducey & NOVI talking about their way to avoid being a negative frequency. 


Jake Ducey Video  
Ever Since I Did This, MONEY HAS COME TO ME FROM EVERYWHERE  
<https://www.youtube.com/watch?v=Yeh6pon1g_0>


NOVI - TIkTok  
<https://www.tiktok.com/@besonovi?is_from_webapp=1&sender_device=pc>


CHECK OUT MY BOOK: ‚ÄúBecome Who You Are‚Äù By Valerie Aiello  
<https://www.amazon.com/Become-Who-You-Valerie-Aiello/dp/1954557124?ref_=ast_author_mpb> 


SHOW MERCH: Get Your Own Idea Diary  
Idea Diary is a guided journal that keeps your ideas chronicled and archived. This bright teal hardcover book is an idea organizational system, as well as gorgeous book decor!  
Buy Diaries & More at <https://goalparty.com>


If you liked today's show, you can always   
BUY ME COFFEE:  
<https://gumroad.com/l/VazlaO>


Thank you so much for listening today!  
#BusinessLifestyle #QuantumJump #BecomeWhoYouAre


""Idea Diary"" is a business lifestyle podcast about creative entrepreneurship. ""Idea Diary"" focuses on building creative businesses, and chronicles how Valerie Aiello uses multiple skills to create products, illustrations, film, music, and businesses. SHOW DISCLAIMER: EVERY INDIVIDUAL‚ÄôS OBSTACLES AND SOLUTIONS ARE UNIQUE. THESE TIPS ARE SUGGESTIONS ONLY TO IMPLEMENT IN YOUR SUITABLE OWN WAY. THIS IS NOT LEGAL ADVICE. THIS IS NOT FINANCIAL ADVICE.  
‚Äî   
Valerie Aiello is a multi-hyphenate brand expert from Austin, Texas.  
‚Äî  
Website: <https://www.valerieaiello.com>  
‚Äî  
Subscribe to follow my business journey!


Youtube: ‚Å†https://www.youtube.com/valerieaiello‚Å†  
LinkedIn: ‚Å†https://www.linkedin.com/in/valerieaiello/‚Å†  
Twitter: ‚Å†https://twitter.com/valerieaiello‚Å†  
Facebook: ‚Å†https://www.facebook.com/valerieaiello‚Å†  
Instagram: ‚Å†http://instagram.com/valerieaiello/‚Å†  
Medium: ‚Å†https://medium.com/@valerieaiello‚Å†

","['https://www.youtube.com/watch?v=Yeh6pon1g_0', 'https://www.tiktok.com/@besonovi?is_from_webapp=1&sender_device=pc', 'https://www.amazon.com/Become-Who-You-Valerie-Aiello/dp/1954557124?ref_=ast_author_mpb', 'https://goalparty.com', 'https://gumroad.com/l/VazlaO', 'https://www.valerieaiello.com']",13¬†hours ago,0,0,10,13,19,https://api.bitchute.com/video/TPVSlCFWERzL
aUbkCbG72J8,Decentralized Web3 Oracles: Necessary or Irrelevant? Orcfax Founder's Perspective,No Hashtags,18,1:14:10,DerekOnChain,derekonchain,"In this video, we talk with Orcfax Founder Peter Van Garderen about why the world needs blockchain oracles. Peter takes us on an exploration of the history of archiving, the emergence of data archivists, the opportunities blockchain presents for distributed consensus and what we can look forward to in Orcfax's future. 


........................................


ORCFAX LINKS MENTIONED: 


Orcfax Website: orcfax.io  
Orcfax on X: @Orcfax   
Orcfax on YouTube: @Orcfax   
Orcfax Linktree: <https://linktr.ee/orcfax>


VOTING IN CATALYST: 


For Catalyst Registered Voters: 


- To vote for Orcfax's Catalyst Proposals, log in to the Catalyst Voting App and search ""Orcfax""


- To vote for Cryptofluency's Catalyst Proposals for DeFi Courses and a Cardano Book, log in to the Catalyst Voting App and search ""Cryptofluency""


.......................................


CHAPTERS:


00:00 Welcome Peter!  
00:32 What is a Digital Archivist?  
14:30 What motivated the transition to blockchain?  
22:20 How Peter Found Out About Bitcoin & Distributed Consensus  
25:00 The Key Breakthrough Blockchain Technology Gave Us  
33:30 Blockchains are stupid.  
37:37 We can make real-world change.  
40:04 What are the applications of an Oracle?  
53:03 Current State & Future of OrcFax  
01:04:20 Oracles for Fact Checking  
01:06:00 Oracles for Artificial Intelligence  
01:12:09 Best Ways to Connect with Orcfax

",['https://linktr.ee/orcfax'],12¬†hours ago,0,0,8,12,18,https://api.bitchute.com/video/aUbkCbG72J8
aZI-gPGxi_0,Influencer Marketing for Amazon Sellers: Is It Worth It?,No Hashtags,18,2:57,MyAmazonGuy,myamazonguy,"Learn how to tackle common Amazon selling challenges in this detailed session. We cover high ACOS, low sales, and the impact of influencer marketing. Gain insights into improving your Amazon listing and maintaining a strong social media presence. 


#AmazonFBA #AmazonSelling #InfluencerMarketing #AmazonOptimization 


‚Üí Use Data Dive with code MAG for exclusive savings!  
‚Ü≥ [https://2.datadive.tools/subscription/subscribe?ref=otkxnwu&amp;coupon=MAG](https://2.datadive.tools/subscription/subscribe?ref=otkxnwu&amp%3Bcoupon=MAG)


-----------------------------------------------------------------------------------------


Join My Amazon Guy on LinkedIn: <https://www.linkedin.com/company/28605816/>


Follow us:  
Twitter: <https://twitter.com/myamazonguy>  
Instagram: <https://www.instagram.com/stevenpopemag/>  
Pinterest: <https://www.pinterest.com/myamazonguys/>


Please subscribe to the podcast at: <https://podcast.myamazonguy.com>  
Apple Podcast: <https://podcasts.apple.com/us/podcast/my-amazon-guy/id1501974229>  
Spotify: <https://open.spotify.com/show/4A5ASHGGfr6s4wWNQIqyVw>


Timestamps:


00:00 - Struggling Account Overview and Listing Review  
01:02 - Main Challenge: High ACOS and Low Sales  
01:20 - Influencer Marketing Impact and Client's YouTube Presence  
01:52 - Discussing Social Presence and Business Owner's Challenges  
02:22 - Addressing Business Owner's Needs and MAG Resources

","['https://2.datadive.tools/subscription/subscribe?ref=otkxnwu&amp%3Bcoupon=MAG', 'https://www.linkedin.com/company/28605816/', 'https://twitter.com/myamazonguy', 'https://www.instagram.com/stevenpopemag/', 'https://www.pinterest.com/myamazonguys/', 'https://podcast.myamazonguy.com', 'https://podcasts.apple.com/us/podcast/my-amazon-guy/id1501974229', 'https://open.spotify.com/show/4A5ASHGGfr6s4wWNQIqyVw']",12¬†hours ago,0,1,22,12,19,https://api.bitchute.com/video/aZI-gPGxi_0
Sk7fSCInWIHa,Covid Criminal Enterprise Prosecution Project,No Hashtags,3621,5:18:04,bc1qmcff7k4xq9y3wm6l6ddgzkftu0rq6v44wfcv4q,united-by-truth,"PLEASE SHARE  
COVID CRIMINAL ENTERPRISE PROSECUTION PROJECT  
<https://old.bitchute.com/video/Sk7fSCInWIHa/>   
wow share

",['https://old.bitchute.com/video/Sk7fSCInWIHa/'],"3¬†days, 8¬†hours ago",6,1,1125,80,3628,https://api.bitchute.com/video/Sk7fSCInWIHa
4lKgJAlFVgI6,WHO OWNS BLACKROCK AND MORE,"#blackrock,#MERRILLLYNCH,#bankofamerica",909,3:54,TrustChristORGoToHell,trustchristorgotohell,"<https://gab.com/Mandy_Poppins/posts/112714135759575881>

",['https://gab.com/Mandy_Poppins/posts/112714135759575881'],"1¬†day, 18¬†hours ago",24,2,7815,42,935,https://api.bitchute.com/video/4lKgJAlFVgI6
MxCsw1vPUPOH,Before You Buy a Costco Gold Bar‚Ä¶ (WATCH THIS),"#gold,#goldbar,#goldinvesting",736,4:33,Gold & Silver Central,goldandsilvercentral,"Get your Wealth Protection Kit üëâ <https://geni.us/GoldcoKit> and claim up to $10,000 in FREE SILVER on qualified purchases (for US only).


Watch the FULL Goldco video review on YouTube:


[https://youtu.be/zXenq8kpDSs&list=UULFdW90Xej8Y952l8dsQoEn7g&ab\_channel=Gold%26SilverCentral](https://youtu.be/zXenq8kpDSs&list=UULFdW90Xej8Y952l8dsQoEn7g&ab_channel=Gold&SilverCentral)


Step into the golden aisle at Costco, where everyday shopping meets new economic opportunities. Explore the buzz around Costco's gold sales and learn about the disadvantages to physical gold. Instead, discover the advantages of a 'Gold IRA' for your portfolio. Secure your retirement savings ‚Äì watch the full video for expert insights and tips!


Get your Wealth Protection Kit üëâ <https://geni.us/GoldcoKit> and claim up to $10,000 in FREE SILVER on qualified purchases (for US only).


---


Disclaimer & Disclosure statements:


Gold & Silver Central is for informational and educational purposes only and does not offer any personal financial advice. Please note that past performance does not guarantee future results, and always consult with a financial advisor before making any decisions. We are also viewer-supported and may be compensated from the links above (at no additional cost to you). Click here to learn more: <https://goldandsilvercentral.com/affiliate-disclosure>

","['https://geni.us/GoldcoKit', 'https://youtu.be/zXenq8kpDSs&list=UULFdW90Xej8Y952l8dsQoEn7g&ab_channel=Gold&SilverCentral', 'https://geni.us/GoldcoKit', 'https://goldandsilvercentral.com/affiliate-disclosure']",4¬†days ago,2,4,31,96,742,https://api.bitchute.com/video/MxCsw1vPUPOH
ZkpjRpMwl14,Top 10 Things You Missed from the Presidential Debate,No Hashtags,503,13:07,WolvesAndFinance,wolvesandfinance,"This week we saw the first Presidential debate between Joe Biden and Donald Trump, and it was a trainwreck. I have been kind of surprised, because I picked up on a few things that I do not hear anyone talking about in the main stream media. We are going to cover the top 10 things you may have missed from the Presidential Debate.


\*\*Links to all Source documents for this video are on my website at [WolvesAndFinance.com](http://WolvesAndFinance.com). Sign up for a monthly membership to support the channel!


Twitter: <https://twitter.com/FinanceWolves>  
Facebook: <https://www.facebook.com/wolvesandfinance>  
Instagram: <https://www.instagram.com/wolvesandfinance>  
BitChute: <https://www.bitchute.com/channel/Z0Am9tJyu5KP/>  
Odysee: <https://odysee.com/@WolvesAndFinance>  
Rumble: <https://rumble.com/c/c-1369144>  
Minds: <https://www.minds.com/financewolves/>  
Gettr: <https://www.gettr.com/user/financewolves>  
Truth Social: <https://truthsocial.com/@FinanceWolves>


Leave a comment down below letting me know what you think!  
If you find these videos helpful, please subscribe to my YouTube channel.

","['http://WolvesAndFinance.com', 'https://twitter.com/FinanceWolves', 'https://www.facebook.com/wolvesandfinance', 'https://www.instagram.com/wolvesandfinance', 'https://www.bitchute.com/channel/Z0Am9tJyu5KP/', 'https://odysee.com/@WolvesAndFinance', 'https://rumble.com/c/c-1369144', 'https://www.minds.com/financewolves/', 'https://www.gettr.com/user/financewolves', 'https://truthsocial.com/@FinanceWolves']","3¬†days, 4¬†hours ago",8,0,183,76,511,https://api.bitchute.com/video/ZkpjRpMwl14
at57YKBdrDN4,They're Using Banks To Bring Everything Down - Whitney Webb 2024 Prediction,No Hashtags,449,14:02,yabba,yabba,"Source: <https://www.youtube.com/watch?v=2VKPhCQmzN0>

",['https://www.youtube.com/watch?v=2VKPhCQmzN0'],"6¬†days, 10¬†hours ago",0,0,0,154,449,https://api.bitchute.com/video/at57YKBdrDN4
MOFbKLvHiBA,An Economic Collapse Far Worse Than Great Depression If USD loses Reserve Status: Peter Zeihan,No Hashtags,356,35:12,ITM Trading,itmtradinginc,"""When the only country saying that is Russia, then you know it's not serious. And that's exactly where we are right now,"" says Peter Zeihan, geopolitical expert. He says China would need to internationalize its tightly controlled financial sector for BRICS to challenge the global order, which is a huge hurdle. Zeihan also dismisses the headlines about Saudi Arabia ditching the petrodollar, explaining that oil trades in non-U.S. dollars are minimal and lack long-term contracts. He emphasizes that Saudi Arabia's financial moves are driven by security concerns, requiring a nation with a strong navy and ground presence in the Persian Gulf. ""There is no country out there that has the fiscal depth or the liquidity necessary. There's no coalition of countries to replace the US dollar,"" he concludes.


üì∞ JOIN DANIELA'S NEWSLETTER: <https://learn.itmtrading.com/daniela>


üìû PROTECT YOUR WEALTH AND ASSETS: Learn how to transform market turmoil into opportunities. Schedule your in-depth strategy session: <https://calendly.com/itmtrading/500?utm_content=DC06282024> or call 866-706-9061


""ITM did a great job of educating me on the history of the dollar, the financial markets, the banks, gold, and the laws so that I had a better understanding of things."" - Kristen W.


üìñ FREE DOWNLOAD: YOUR ULTIMATE DECISION-MAKING GUIDE ON GOLD AND SILVER: <https://learn.itmtrading.com/buyers-guide-dc?VID=DC06282024>


üìñ CHAPTERS:  
00:00 Serbia‚Äôs president warning  
3:17 WWIII  
4:10 Putin‚Äôs world tour  
5:32 China v.s. the rest of the world  
7:31 Nuclear weapons  
9:00 De-dollarization  
14:38 BRICS  
16:42 US economy  
20:16 Reality of the economy  
21:31 Federal debt  
27:48 Argentina  
29:18 Europe / Georgia Maloney  
33:27 Concluding words


üëã STAY IN TOUCH WITH ITM & DANIELA


üü© Schedule a Strategy Session: 866-706-9061  
üü© Email us at [services@itmtrading.com](mailto:services@itmtrading.com)  
üü© Official Homepage <http://www.itmtrading.com>  
üü© Listen On The Go: <https://anchor.fm/itmtrading>  
üü© ITM's Twitter: <https://twitter.com/itmtrading>  
üü©Daniela‚Äôs Twitter: http..

","['https://learn.itmtrading.com/daniela', 'https://calendly.com/itmtrading/500?utm_content=DC06282024', 'https://learn.itmtrading.com/buyers-guide-dc?VID=DC06282024', 'mailto:services@itmtrading.com', 'http://www.itmtrading.com', 'https://anchor.fm/itmtrading', 'https://twitter.com/itmtrading']","4¬†days, 19¬†hours ago",3,4,758,115,363,https://api.bitchute.com/video/MOFbKLvHiBA
Oi5v9htY9xhE,Stealth Nano Tech & Escaping FEMA with Celeste Solum,#podcast,346,1:03:14,Parallel Systems Broadcast,parallel_systems,"Part 2 for members, to listen join: <https://parallelmike.com/>  
Patreon, Newsletter & Community: <https://www.patreon.com/parallelsystems>  
1-2-1 Consultation with Mike: <https://parallelmike.com/consultation/>

","['https://parallelmike.com/', 'https://www.patreon.com/parallelsystems', 'https://parallelmike.com/consultation/']","4¬†days, 12¬†hours ago",1,0,26,108,347,https://api.bitchute.com/video/Oi5v9htY9xhE
YJ7AVax8DRI,"IT'S ALMOST TIME, SHOCK COMING",No Hashtags,298,21:43,Bull Boom - Bear Bust,bullboom,"Back with another dose of economic reality: Today we discuss the coming economic storm, either an inflation nightmare or a massive rug-pull which brings down the entire financial system. Money creation is causing the cost-of-living to remain way about what most people can afford, which is causing massive amounts of debe and consumers doing balance transfer money shuffling to survive!  
Get an edge on finding a home, FREE search foreclosures, preforeclosures, tax liens  
FREE\*  
Foreclosures: <https://www.foreclosure.com/foreclosures/?rsp=3830>  
Preforeclosures: <https://www.foreclosure.com/preforeclosures/?rsp=3830>  
(\*7-day free-trial then regular rates apply)


Get 5% cash-back on all your Amazon purchases! Apply for an Amazon Prime Visa Card:  
<https://www.amazon.com/dp/BT00LN946S?externalReferenceId=c8c110f6-7419-47fa-9277-e5076b1f3b8f>


üì∫ Save money, get free local TV channels and cut the cable bill with an amplified antenna: <https://amzn.to/3wxtzSN> (your TV must have coaxial cable input).


üí∞ Protect your money and slim-down: Get your RFID blocking, money-clip, super slim men's wallet with credit card pop-up lever: <https://amzn.to/44qXCbA>


Subscribe to stay ahead of the financial / economic curve!!: [youtube.com/channel/UCXuldJPtmI0x0DVQFsB9cSg?sub\_confirmation=1](https://youtube.com/channel/UCXuldJPtmI0x0DVQFsB9cSg?sub_confirmation=1) 


Have Light, even during a power outage:  
üî¶ Rechargeable USB Flashlight: <https://amzn.to/3NpWdev>  
‚òÄÔ∏è Portable USB Pocket Solar Panel Charging Station: <https://amzn.to/43wAQ0H>


Got Silver? Here us were I buy mine. JM Bullion has a huge silver selection: <https://tidd.ly/3t3RcAf>  
Thank you for being a part of my channel. I am an investor that also works in the finance industry. I also am a news-hound and love keeping updated on the latest economic, financial, and business news. Economic 'boom and bust' cycles are very fascinating to me so and I have had some very good luck in the stock market, precious metals and investing in real estate, therefore, I have decided to share my research, knowledge, news digging, and analysi..

","['https://www.foreclosure.com/foreclosures/?rsp=3830', 'https://www.foreclosure.com/preforeclosures/?rsp=3830', 'https://www.amazon.com/dp/BT00LN946S?externalReferenceId=c8c110f6-7419-47fa-9277-e5076b1f3b8f', 'https://amzn.to/3wxtzSN', 'https://amzn.to/44qXCbA', 'https://youtube.com/channel/UCXuldJPtmI0x0DVQFsB9cSg?sub_confirmation=1', 'https://amzn.to/3NpWdev', 'https://amzn.to/43wAQ0H', 'https://tidd.ly/3t3RcAf']","1¬†day, 12¬†hours ago",3,0,149,36,301,https://api.bitchute.com/video/YJ7AVax8DRI
PehNWaNGSNg,What Yellen's Disastrous Roadtrip To China Means For Gold & Silver,No Hashtags,290,27:49,Arcadia Economics,arcadiaeconomics,"What Yellen's Disastrous Roadtrip To China Means For Gold & Silver


Janet Yellen recently took a trip to China where she met with senior Chinese officials to discuss trade policy.


And to put it kindly, let's say that it didn't go all that well.


So today Vince recaps what happened, what the results are leading to, and the implications on gold and silver.


Especially now where some of these meeting are laying the foundation for what happens next with the current monetary arrangement, it's an important time to be aware of what is and isn't happening at some of these meetings.


To find out more, click to watch the video now!


-


Today‚Äôs show is brought to you with the support of Miles Franklin Precious Metals, who we encourage you to consider on your next precious metals purchase or sale!


To take advantage of this week‚Äôs Miles Franklin silver special and get Silver Britannias for only $3.15 over spot contact us now at:  
833-326-4653  
[Arcadia@MilesFranklin.com](mailto:Arcadia@MilesFranklin.com)


Arcadia is a licensed Miles Franklin broker, and we're happy to help with any of your precious metals questions, or put you in touch with Chris Marcus.


-  
To join our free email list and never miss a video click here: <https://arcadiaeconomics.com/email-signup/>  
-  
To get on the waiting list for your very own ¬¥Silver Chopper Ben¬¥ sterling silver figurine click here: <https://arcadiaeconomics.com/get-a-chopper-ben/>  
-  
To get your paperback or audio copy of The Big Silver Short go to:  
<https://arcadiaeconomics.com/thebigsilvershort/>


Find Arcadia Economics content on these sites:  
YouTube - <https://www.youtube.com/user/ArcadiaEconomics>  
Rumble - <https://rumble.com/c/ArcadiaEconomics>  
Bitchute - <https://www.bitchute.com/channel/kgpeiwO1dhxX/>  
LBRY/Odysee - <https://odysee.com/@ArcadiaEconomics:5>


Listen to Arcadia Economics on your favorite Podcast platforms:   
Spotify - <https://open.spotify.com/show/75OH2PpgUpriBA5mYf5kyY>  
Apple - <https://podcasts.apple.com/us/podcast/arcadia-economics/id1505398976>  
Google-https://podcasts.go..

","['mailto:Arcadia@MilesFranklin.com', 'https://arcadiaeconomics.com/email-signup/', 'https://arcadiaeconomics.com/get-a-chopper-ben/', 'https://arcadiaeconomics.com/thebigsilvershort/', 'https://www.youtube.com/user/ArcadiaEconomics', 'https://rumble.com/c/ArcadiaEconomics', 'https://www.bitchute.com/channel/kgpeiwO1dhxX/', 'https://odysee.com/@ArcadiaEconomics:5', 'https://open.spotify.com/show/75OH2PpgUpriBA5mYf5kyY', 'https://podcasts.apple.com/us/podcast/arcadia-economics/id1505398976']","6¬†days, 16¬†hours ago",5,0,1416,160,295,https://api.bitchute.com/video/PehNWaNGSNg
dtNDB6inJ4I,Will Silver Continue to Outperform Gold?,No Hashtags,289,9:44,David Morgan,morganreport,"Will Silver Continue to Outperform Gold? | <https://www.themorganreport.com/join>


Silver is not merely catching up with gold; it has been outperforming its yellow counterpart since the beginning of the year and is projected to continue rising at a faster pace as investors renew their interest in ""the other"" precious metal.


Both gold and silver are being driven by their appeal as inflation hedges, given their currency-like characteristics. However, silver has an added advantage due to its expanding industrial applications, particularly in electronics and solar power.


Watch this video on Will Silver Continue to Outperform Gold?, then please share with your friends and family on social media and use the caption Will Silver Continue to Outperform Gold?.


Market Analysis/Investing/Trading Methods At [TheMorganReport.com](http://TheMorganReport.com). | <http://www.themorganreport.com/join>


-------------------------------------


The Morgan Report's Weekly Perspective is our free e-newsletter. Our free e-newsletter will keep YOU in the top 3% of the Informed, the Awake, and the Aware.


Join our Free Morgan Report:   
<https://www.themorganreport.com/join-the-free-morgan-report>


I've Been Helping My Members weather the economic mess for over 20 years. Now I invite you to join my growing circle of successful investors and the 15,000-plus members we've helped scattered over the globe and over 100,000+ free newsletter subscribers have read our weekly e-newsletter.


The Morgan Report is all about YOU and how you can build and preserve Wealth for generations to come. Through our publication, The Morgan Report, we provide you with ways to achieve greater financial security and wealth in all sorts of environments.


Learn more and become an insider for The Morgan Report, click link below... <http://www.themorganreport.com/join>


Please subscribe to this channel and share with your friends---  
Youtube: [http://www.youtube.com/user/silverguru](https://www.youtube.com/user/silverguru)  
   
Still have questions? E-mail [support@themorganreport.com](mailto:support@themorganreport.com)

","['https://www.themorganreport.com/join', 'http://TheMorganReport.com', 'http://www.themorganreport.com/join', 'https://www.themorganreport.com/join-the-free-morgan-report', 'http://www.themorganreport.com/join', 'https://www.youtube.com/user/silverguru', 'mailto:support@themorganreport.com']","3¬†days, 17¬†hours ago",6,0,448,89,295,https://api.bitchute.com/video/dtNDB6inJ4I
PRi9ps9Tzus,Idaho 2030: A Vision of Freedom,No Hashtags,275,1:05,Solari Report,solarireport,"By Catherine Austin Fitts


Although focused on Idaho, the vision these leaders present is something that is likely to inspire legislators and their constituents everywhere. Their thoughtful, intelligent, and comprehensive discussion also illustrates the immense value of a leadership that has true mastery over the nuts and bolts of governing and managing a state.


If you have not yet had the chance to get to know your state representatives, this backcasting will help you understand the remarkable people and talent you will find if you reach out. You will be inspired as to what can happen when we begin to support our real leaders.


Full Report: <https://home.solari.com/idaho-2030-a-vision-of-freedom/>


Subscribe to [shop.solari.com](http://shop.solari.com)

","['https://home.solari.com/idaho-2030-a-vision-of-freedom/', 'http://shop.solari.com']","4¬†days, 22¬†hours ago",17,1,4759,118,293,https://api.bitchute.com/video/PRi9ps9Tzus
9OT2MYxsWlFi,The Alex Jones Show (06/26/2024),"#alex,#jones,#info",237,3:25:29,Bart Fine,wwwbitchutecombartfinemy-channel,"Alex Jones has been right about everything 

",[],"6¬†days, 16¬†hours ago",0,0,386,160,237,https://api.bitchute.com/video/9OT2MYxsWlFi
mdwiIZ1ZQkch,Here's One Reason Why Office Jobs Are Legitimately Terrible For Your Life,"#employment-office-girls,#crimes-fight-racist,#fight-rage-highway",220,0:45,Possumkicker Catch-22,ufo-aliens-woke-war-ww3-crazy-covid-22,"Here's One Reason Why Office Jobs Are Legitimately Terrible For Your Life

",[],"6¬†days, 10¬†hours ago",5,0,1315,154,225,https://api.bitchute.com/video/mdwiIZ1ZQkch
wSoZK4zeHGaA,"Victor Adair: Markets. Robert Campbell: Real Estate. Wolf Richter: Autos, EVs, Inflation. AMY.V","#gold,#realestate,#autos",158,1:28:28,Talk Digital Network,talkdigitalnetwork,"Air Date: June 29, 2024 


Victor Adair: Stock Market, Canadian Dollar, Japanese Yen, Gold, Oil, Copper  
Guest's website: <https://victoradair.ca/>


Robert Campbell: (12:25) Real Estate, Foreclosures, Leaving California  
Guest's website: <https://realestatetiming.com/>


Wolf Richter: (48:26) Auto Market, EVs, Inflation  
Guest's website: <https://wolfstreet.com/>


Tony Mitchell: (1:21:06) Director of Marketing at RecycLiCo on Company Showcase - RecycLiCo‚Ñ¢ Keeping Eyes On The Prize. Stricter Recycling Regulations, BMW Plugged In. AMY:TSX.V | AMYZF:OTCQB | FSE:ID4


Guest's UPDATED website: <https://RecycLiCo.com/>


Read INN Arcticle ‚Äì ‚ÄúeWaste: From Recycling Challenge to Emerging Opportunity‚Äú - <https://investingnews.com/daily/tech-investing/cleantech-investing/recycling-ewaste-becoming-profitable-business-emerging-opportunity/>


Company Profile: RecycLiCo‚Ñ¢ Battery Materials recovers up to 99% of cathode metals from battery waste and upcycles them into high purity, battery-ready materials.


View RecycLico‚Äôs Company Presentation: <https://recyclico.com/investors/>


Watch Roundtable Video with Sandy Munro, Jason Fenske and Norm Chow: ‚ÄúRecycLiCo Battery Recycling Q&A with Engineering Explained & Kemetco Research‚Äú - <https://youtu.be/bAzclbjxMW8?si=RR9Jyh6yC3oqP3Ec>


Watch ‚Äì We upcycle cathode scraps and black mass into higher-value battery materials! - <https://twitter.com/RecycLiCo/status/1648733411077660672>


Video ‚Äì The demonstration plant for the RecycLiCo‚Ñ¢ Patented Process is now operational in Vancouver, British Columbia, Canada - <https://youtu.be/PQh-6VgdO_o> 


Questions? Email Investor Services [InvestorServices@recyclico.com](mailto:InvestorServices@recyclico.com) or Phone: 778.574.4444 


Produced by <https://www.HoweStreet.com> 


Don't miss out - Stay Informed! Receive the [HoweStreet.com](http://HoweStreet.com) Weekly Recap with thought provoking podcasts, radio and articles delivered to your inbox.


Sign up for the [HoweStreet.com](http://HoweStreet.com) Weekly Recap on the homepage at <https://www.HoweStreet.com>

","['https://victoradair.ca/', 'https://realestatetiming.com/', 'https://wolfstreet.com/', 'https://RecycLiCo.com/', 'https://investingnews.com/daily/tech-investing/cleantech-investing/recycling-ewaste-becoming-profitable-business-emerging-opportunity/', 'https://recyclico.com/investors/', 'https://youtu.be/bAzclbjxMW8?si=RR9Jyh6yC3oqP3Ec', 'https://twitter.com/RecycLiCo/status/1648733411077660672', 'https://youtu.be/PQh-6VgdO_o', 'mailto:InvestorServices@recyclico.com', 'https://www.HoweStreet.com', 'http://HoweStreet.com', 'http://HoweStreet.com', 'https://www.HoweStreet.com']","3¬†days, 19¬†hours ago",0,0,829,91,158,https://api.bitchute.com/video/wSoZK4zeHGaA
3wOWPJd4Gts,Why Retire Early? Here's Why!,No Hashtags,158,7:46,Josh Scandlen,httpsheritagewealthplanningcom,"================================  
Sign up for email list here. <https://mailchi.mp/0a0c258dd676/sign-up-page>


My course ""Everything You NEED to Know About Investing"" will help reduce your stress when it comes to your investments. 


Get it here:  
<https://retirementplanningschool.teachable.com/p/investing-basics>  
and don't forget there IS a 30 day money back guarantee if you're not satisfied!


Find this video of value? Buy me a cup of coffee! <https://www.buymeacoffee.com/joshscandlen>


Get my books on Audible here:  
<https://adbl.co/35lVotF>


My Amazon Product page:   
<https://www.amazon.com/shop/heritagewealthplanning>  
Anything you buy there Amazon pays me a commission. Much appreciated!


GET MY BOOKS:   
ALL are FREE to Kindle Unlimited Subscribers!


You Can RETIRE on SOCIAL SECURITY:  
<https://amzn.to/31xKFuN>


The Tax Bomb In Your Retirement Accounts: How The Roth IRA Can Help You Avoid It:  
<https://amzn.to/2LHwQpt>


Strategic Money Planning: 8 Easy Ways To Put Your House In Order  
<https://amzn.to/2wKGi50>


GET ALL MY LATEST BLOGPOSTS:  
<https://heritagewealthplanning.com/blog/>

","['https://mailchi.mp/0a0c258dd676/sign-up-page', 'https://retirementplanningschool.teachable.com/p/investing-basics', 'https://www.buymeacoffee.com/joshscandlen', 'https://adbl.co/35lVotF', 'https://www.amazon.com/shop/heritagewealthplanning', 'https://amzn.to/31xKFuN', 'https://amzn.to/2LHwQpt', 'https://amzn.to/2wKGi50', 'https://heritagewealthplanning.com/blog/']",1¬†day ago,2,0,191,24,160,https://api.bitchute.com/video/3wOWPJd4Gts
2I38GmmoYLg,King Dollar or Just a Big Illusion?,No Hashtags,156,18:13,maneco64,maneco64,"#currency #money #forex #gold #dollar 


Currencies, They Are All Sinking!: <https://www.marketoracle.co.uk/Article850.html>  
Where to Buy Precious Metals:


In North America:


Miles Franklin Precious Metals Investments: send an email to [info@milesfranklin.com](mailto:info@milesfranklin.com) and mention Mario or maneco64 or call 1-800-822-8080


In the U.K. but will ship worldwide:


Contact Oliver Temple or Simon Temple at Gold Investments:


Use promo code maneco64krug to get a 2% discount on 1 troy ounce gold Krugerrands at <https://www.goldinvestments.co.uk/>


Use promo code maneco64tenth to get a 1% discount on 1/10 ounce gold Britannia coins at <https://www.goldinvestments.co.uk/>


For all other products use promo code maneco64 separately for a 0.5% discount


GlintPay App, Save and Spend in Gold - Use referral code marioGlint79  
<https://glintpay.com/>


SUPPORT the Channel:


Keep your possessions safe with The Dirtyman Safe - Use the maneco10 promo code for a 10% discount: <https://dirtymansafe.wishpondpages.com/maneco/>


Get your World Enslavement Forum hoodie or t-shirt and more thought-provoking designs to awaken sleeping minds here: <https://wideawake.clothing/?sca_ref=4111775.wgYmKdIDoj>


PayPal: <https://www.paypal.me/maneco64>


Patreon: <https://www.patreon.com/maneco64>


maneco64 blog: [www.maneco64.net](http://www.maneco64.net)


DISCLAIMER: I am not a financial adviser. These videos are for educational purposes only. Investing of any kind involves risk. Your investment and other financial decisions are solely your responsibility. It is imperative that you conduct your own research and seek professional advice as necessary. I am merely sharing my opinions.


AFFILIATE DISCLOSURE: Some of the links on this channel are affiliate links, meaning at no cost to you I earn a commission if you click through and make a purchase. However, I only recommend products or services that I believe in.

","['https://www.marketoracle.co.uk/Article850.html', 'mailto:info@milesfranklin.com', 'https://www.goldinvestments.co.uk/', 'https://www.goldinvestments.co.uk/', 'https://glintpay.com/', 'https://dirtymansafe.wishpondpages.com/maneco/', 'https://wideawake.clothing/?sca_ref=4111775.wgYmKdIDoj', 'https://www.paypal.me/maneco64', 'https://www.patreon.com/maneco64', 'http://www.maneco64.net']","1¬†day, 2¬†hours ago",10,0,3159,26,166,https://api.bitchute.com/video/2I38GmmoYLg
PMqf0DUQyco,Update on fruit trees,No Hashtags,143,13:20,GeorgiaRealEstate1,georgiarealestate1,"For my viewers who want to see trees. This is a good time of year for flowering and fruit on the trees. Here are some of my trees in action.

",[],"3¬†days, 7¬†hours ago",1,1,22,79,145,https://api.bitchute.com/video/PMqf0DUQyco
tErdvmhro7E,Walmart Stores are Closing as Retail Apocalypse Rages On,No Hashtags,137,12:21,themoneygps,themoneygps,"Let‚Äôs Get Out of This Mess. Join Me: <https://themoneygps.com/live>


‚Äî‚Äî‚Äî‚Äî‚Äî‚Äî‚Äî‚Äî‚Äî‚Äî‚Äî‚Äî‚Äî‚Äî‚Äî‚Äî‚Äî‚Äî‚Äî‚Äî‚Äî‚Äî‚Äî‚Äî‚Äî‚Äî‚Äî‚Äî‚Äî‚Äî‚Äî‚Äî‚Äî


üî• ALL MY TIPS AND STRATEGIES ON THE DISCORD COMMUNITY: üî•  
<https://discord.gg/QNgHFgxkq9>


üíµ HOW TO MAKE MONEY ON AMAZON: üíµ  
<https://themoneygps.com/theamazongps>


üë® JOIN THE $GPS LIVE CLASSES üíµ  
<https://themoneygps.com/live>


‚Äî‚Äî‚Äî‚Äî‚Äî‚Äî‚Äî‚Äî‚Äî‚Äî‚Äî‚Äî‚Äî‚Äî‚Äî‚Äî‚Äî‚Äî‚Äî‚Äî‚Äî‚Äî‚Äî‚Äî‚Äî‚Äî‚Äî‚Äî‚Äî‚Äî‚Äî‚Äî‚Äî


LOOK THROUGH MY BOOKS! <http://books.themoneygps.com>  
MY FAVORITE BOOKS: <https://youtu.be/Y_mwbfp1ULU>


SUPPORT MY WORK: <https://themoneygps.com/support>


‚Äî‚Äî‚Äî‚Äî‚Äî‚Äî‚Äî‚Äî‚Äî‚Äî‚Äî‚Äî‚Äî‚Äî‚Äî‚Äî‚Äî‚Äî‚Äî‚Äî‚Äî‚Äî‚Äî‚Äî‚Äî‚Äî‚Äî‚Äî‚Äî‚Äî‚Äî‚Äî‚Äî


Sources Used in This Video:  
<https://bit.ly/TheMoneyGPSSources2024>

","['https://themoneygps.com/live', 'https://discord.gg/QNgHFgxkq9', 'https://themoneygps.com/theamazongps', 'https://themoneygps.com/live', 'http://books.themoneygps.com', 'https://youtu.be/Y_mwbfp1ULU', 'https://themoneygps.com/support', 'https://bit.ly/TheMoneyGPSSources2024']","5¬†days, 21¬†hours ago",5,0,806,141,142,https://api.bitchute.com/video/tErdvmhro7E
hFJlUnmyiqI,Unveiling the Mysteries of Heaven || Psychic Liz Cross,No Hashtags,125,29:31,PsychicLizCross,psychiclizcross,"Title: ""Unveiling the Mysteries of Heaven: Psychic Liz Channels Source""  
Description: Join psychic medium Liz as she bridges the divide between our world and the spiritual realm! Today, Liz will channel Source to bring clarity to age-old questions: Who is in control of heaven? What does it truly look like? And where exactly is it? Dive into the mysteries of the afterlife with us and discover answers that have eluded seekers for millennia. 


Please keep this channel alive:  
Like, Subscribe, Share.


Patreon (exclusive content)  
[https://www.patreon.com/RemoteViewingandBeyond?fan\_landing=true&amp;view\_as=public](https://www.patreon.com/RemoteViewingandBeyond?fan_landing=true&amp%3Bview_as=public)


Book a reading: <https://www.psychiclizcross.com>  
Tip Jar!  
<https://ko-fi.com/psychiclizcross#paypalModal>  
(This goes to our editor/YouTube Manager)  
Thumbnails by @OctoNero (May contain ai generated components)


Free Newsletter: [psychiclizcross.com](http://psychiclizcross.com)


Do your research. Look for consistency. All of your investments are down to you. Liz is in no way responsible for your investment decisions. All information should be construed as Entertainment only.


#psychic #psychicreading #medium #psychicmedium #psychicreader #psychics #psychicadvisor #psychicadvice #psychicpowers #psychicabilities #psychichealing #psychicenergy

","['https://www.patreon.com/RemoteViewingandBeyond?fan_landing=true&amp%3Bview_as=public', 'https://www.psychiclizcross.com', 'https://ko-fi.com/psychiclizcross#paypalModal', 'http://psychiclizcross.com']","3¬†days, 3¬†hours ago",0,0,26,75,125,https://api.bitchute.com/video/hFJlUnmyiqI
PRRDxbsp8Qhw,Presentaci√≥n del TV TYPE PROGRAM de ‚ÄúEL ANFiTRi√ìN DEL CAMBiO‚Äù,"#coaching,#MentalLaw,#mendoza",116,1:03,DINERO y NEGOCIOS TV,dinero-y-negocios-tv,"Presentaci√≥n de la 1¬™ temporada de EL ANFiTRi√ìN DEL CAMBiO en formato TV. 


La tem√°tica principal de esta serie de programas de TV de ""EL ANFiTRi√ìN DEL CAMBiO"" versa sobre las Leyes Mentales desde el lado de la usabilidad e influencia de las mismas en la vida de las personas, y sobre c√≥mo se pueden gestionar y utilizar de forma consciente. 


Los episodios tienen un formato TV semi-reality y en cada uno de ellos cuenta un invitado protagonista y combinan momentos de conversaci√≥n entre David C. Mendoza y el/la invitado/a, con momentos de la experiencia individual de ambos con un enfoque pr√°ctico y argumentado acerca de c√≥mo las #LeyesMentales influyen en la situaci√≥n o tema que afecta a la persona invitada.   
<https://tv.elanfitriondelcambio.com/>

",['https://tv.elanfitriondelcambio.com/'],"2¬†days, 4¬†hours ago",1,0,6,52,117,https://api.bitchute.com/video/PRRDxbsp8Qhw
suenmGcOEF05,It's just bank policy,"#bank,#Overdraft,#fines",3750,1:41,Voat,voat,No Description,[],"2¬†weeks, 6¬†days ago",85,1,23244,480,3836,https://api.bitchute.com/video/suenmGcOEF05
XKSDN4iC6JPf,If you are a U.S. Citizen you don't really own anything - Jordan Maxwell,No Hashtags,3507,9:37,Jim Crenshaw,jim-crenshaw,"This is why your ""status"" is important. I may own nothing, but I won't be happy about it.


Source: [TheDisclosureHub.com](http://TheDisclosureHub.com)  
More videos to ponder:  
Subscribe to my channel here: <https://www.bitchute.com/channel/jim-crenshaw/>  
Is Joe Biden already dead? Here is what [Ancestry.com](http://Ancestry.com) says. I will let you decide.  
<https://www.bitchute.com/video/3buDE945ZaKH/>


He has been a pilot for 43 years and he has a secret he wants to tell...  
<https://www.bitchute.com/video/GIGw1aXaT8Zp/>


The Ugly Truth About The Sodomite Lifestyles - Not something to be proud of  
<https://www.bitchute.com/video/2ogEYAxf2R80/>


Was this a sign from God? It sure seems as though it could have been  
<https://www.bitchute.com/video/VK6JKMJPw7Zq/>


My son is not going to war for you  
<https://www.bitchute.com/video/PcggUcpBc17n/>


When the robot malfunctions live on TV ü§ñ  
<https://www.bitchute.com/video/UtEDYiR5J6c3/>


HYDROGEN Peroxide (H202) Kills Germs, Viruses And Cancer Cells Just By Rubbing it into your body  
<https://www.bitchute.com/video/K97q1bTKUbi2/>


He is dead but his finger still works...üí∞‚ö∞Ô∏èü™¶ üò≥  
<https://www.bitchute.com/video/iGePg2Ea0sch/>


He has a secret passage to a secret room in his house  
<https://www.bitchute.com/video/2RTlyfygYvuU/>


There is no diving in this dudes gene pool. Only wading...don't touch th---‚ö°üí•üî•  
<https://www.bitchute.com/video/1lWPDCtlNhkI/>


A former Illuminati insider lays out what they are doing and intend to do to us  
<https://www.bitchute.com/video/stt9mqUEuZzY/>


The plane is flying higher than the moon...how can that be? Unless...  
<https://www.bitchute.com/video/E4kY0Lp9gFRL/>


BANNED DOCUMENTARY: The connection between Adrenochrome, Freemasonry and MK- Ultra  
<https://www.bitchute.com/video/sU2IbvoSlnmZ/>


The Ancient Egyptian City Found In The Grand Canyon in 1908  
<https://www.bitchute.com/video/y88XnJb9dQcW/>


When you are vandalizing a building...situational awareness is important.üí•üò≥  
<https://www.bitchute.com/video/WvSCwBUwmoQA/>


The roller coaster ride from hell - be careful out there boys!  
<https://www.bitchute.com/video/qLueAxO9OuzU/>


America is Building These Secret Detention Facilities In All 50 States WHY?  
<https://www.bitchute.com/video/FmQPceQEXMma/>


You know those videos of reporters reporting bad weather out in the bad weather...wait for itüò≥üòÜüòÜ  
<https://www.bitchute.com/video/BbWUd3v4D8U9/>


This is the proper way to handle cops at your front door.üöîüëÆüê∑  
<https://www.bitchute.com/video/adY2Bq85C1Nk/>


Listen to what David Bowie says about ""Black Noise""...music has been weaponized  
<https://www.bitchute.com/video/TA7zc3n6LCWQ/>


Can you tell what this is and what these bastards are doing? They do it to us every day.  
<https://www.bitchute.com/video/C77zQeY5ltV5/>


They're secretly giving Covid vaccines instead of tetanus in UK & Irish Hospitals (and the U.S.?)üíâ  
<https://www.bitchute.com/video/XgMi95JmVBmQ/>


Hollywood seems like a great place to visit...  
<https://www.bitchute.com/video/2AjYcXUqtuOA/>


What the hell is going on with Watermelons this year?üçâüò≥üò≥  
<https://www.bitchute.com/video/u9UYtfjufYso/>


Sugar...the multi billion dollar killer. The root of all medical evils and illnesses. Check this out  
<https://www.bitchute.com/video/V5hHNg1uhItC/>


LeBron James doing Satanic ritual before a game. The video explains each part of the ritual  
<https://www.bitchute.com/video/iwLzthbJAzOK/>


So this is how they faked the Apollo splashdowns to recover the Astro - notsüöÄüë®üèº‚ÄçüöÄ  
<https://www.bitchute.com/video/cIN08xoyZJol/>


The medical industrial establishment does not want you to know about the benefits of Selenium.üíä  
<https://www.bitchute.com/video/TyQAVG1CQqS4/>


Does Russia possess a ""Tsunami Torpedo?"" The Poseidon.üí£üí•üåäüåä  
<https://www.bitchute.com/video/uJQPTLLclcM5/>


He gave this interview and was never seen again...  
<https://www.bitchute.com/video/OCm9QXIaVCoW/>


You know those store cameras watching you...did you know they can do this?üì∑  
<https://www.bitchute.com/video/8Ki98ivV8SiG/>


Remember what Calvin Klein did to Brook Shields?  
<https://www.bitchute.com/video/beWZMiunkCVg/>


The levitating trains of Tartaria  
<https://www.bitchute.com/video/5KhlXqUaFEUx/>


Smart ass gets cocky. This was the result.  
<https://www.bitchute.com/video/N5hzCnjLnOuV/>


Idiot climbs a fence to twerk on electrical equipment. The results were shocking.‚ö°üí•  
<https://www.bitchute.com/video/SEF5wNR2Vf0h/>

","['http://TheDisclosureHub.com', 'https://www.bitchute.com/channel/jim-crenshaw/', 'http://Ancestry.com', 'https://www.bitchute.com/video/3buDE945ZaKH/', 'https://www.bitchute.com/video/GIGw1aXaT8Zp/', 'https://www.bitchute.com/video/2ogEYAxf2R80/', 'https://www.bitchute.com/video/VK6JKMJPw7Zq/', 'https://www.bitchute.com/video/PcggUcpBc17n/', 'https://www.bitchute.com/video/UtEDYiR5J6c3/', 'https://www.bitchute.com/video/K97q1bTKUbi2/', 'https://www.bitchute.com/video/iGePg2Ea0sch/', 'https://www.bitchute.com/video/2RTlyfygYvuU/', 'https://www.bitchute.com/video/1lWPDCtlNhkI/', 'https://www.bitchute.com/video/stt9mqUEuZzY/', 'https://www.bitchute.com/video/E4kY0Lp9gFRL/', 'https://www.bitchute.com/video/sU2IbvoSlnmZ/', 'https://www.bitchute.com/video/y88XnJb9dQcW/', 'https://www.bitchute.com/video/WvSCwBUwmoQA/', 'https://www.bitchute.com/video/qLueAxO9OuzU/', 'https://www.bitchute.com/video/FmQPceQEXMma/', 'https://www.bitchute.com/video/BbWUd3v4D8U9/', 'https://www.bitchute.com/video/adY2Bq85C1Nk/', 'https://www.bitchute.com/video/TA7zc3n6LCWQ/', 'https://www.bitchute.com/video/C77zQeY5ltV5/', 'https://www.bitchute.com/video/XgMi95JmVBmQ/', 'https://www.bitchute.com/video/2AjYcXUqtuOA/', 'https://www.bitchute.com/video/u9UYtfjufYso/', 'https://www.bitchute.com/video/V5hHNg1uhItC/', 'https://www.bitchute.com/video/iwLzthbJAzOK/', 'https://www.bitchute.com/video/cIN08xoyZJol/', 'https://www.bitchute.com/video/TyQAVG1CQqS4/', 'https://www.bitchute.com/video/uJQPTLLclcM5/', 'https://www.bitchute.com/video/OCm9QXIaVCoW/', 'https://www.bitchute.com/video/8Ki98ivV8SiG/', 'https://www.bitchute.com/video/beWZMiunkCVg/', 'https://www.bitchute.com/video/5KhlXqUaFEUx/', 'https://www.bitchute.com/video/N5hzCnjLnOuV/', 'https://www.bitchute.com/video/SEF5wNR2Vf0h/']","1¬†week, 1¬†day ago",0,0,0,192,3507,https://api.bitchute.com/video/XKSDN4iC6JPf
wW7bnhZC08eQ,"Jim Willie: The Biden Mask, Q, Climax Event - June 6, 2024","#jimwillie,#vaccines,#gold",2826,58:46,Talk Digital Network,talkdigitalnetwork,"Climate change hoax, inflationary Depression  
Guest's website: <https://www.golden-jackass.com/>


Produced by <https://www.HoweStreet.com>


Don't miss out - Stay Informed!


Receive the [HoweStreet.com](http://HoweStreet.com) Weekly Recap with thought provoking podcasts, radio and articles delivered to your inbox.


Sign up for the [HoweStreet.com](http://HoweStreet.com) Weekly Recap on the homepage at <https://www.HoweStreet.com>  


","['https://www.golden-jackass.com/', 'https://www.HoweStreet.com', 'http://HoweStreet.com', 'http://HoweStreet.com', 'https://www.HoweStreet.com']","3¬†weeks, 5¬†days ago",42,1,829,624,2869,https://api.bitchute.com/video/wW7bnhZC08eQ
9yEjcqlm2nhQ,THE JEWISH SECRET TO WEALTH ‚Ç™ IN GOD WE TEST üé• FULL MOVIE,"#wealth,#money,#jewish",2034,22:11,CANST - Children Are NOT Sex Toys / GMNo!,canst,"The Jewish people have always had a peculiar relationship with money. 


The Torah recounts tales of men accumulating riches of biblical proportions. 


Over the ages, the world could not help but admire the Jewish people for their business prowess. 


Unfortunately in some generations, the Jew‚Äôs financial success was an excuse for other nations to commit unspeakable atrocities against them. 


There is no denying that this ancient people possess a secret to the accumulation of riches.   
   
What is their great secret? 


---------  
Research and content of the Lubavitcher Rebbe courtesy of Jewish Educational Media [www.JEM.TV](http://www.JEM.TV)  
For a short film on The Power of Charity Click Here <https://go.jem.tv/qqCoTW>


To see more videos on this topic Click Here <https://videos.jem.tv/topics/level-2/keyword/2860?filter=3041>  
#jewish #judaism #jewishmovie #torah #charity tzedeka #elul   
#jewishvideo #jew #jewishpeople #money #wealth #secret


Source: <https://www.youtube.com/watch?v=QkJNgal0RRE>

","['http://www.JEM.TV', 'https://go.jem.tv/qqCoTW', 'https://videos.jem.tv/topics/level-2/keyword/2860?filter=3041', 'https://www.youtube.com/watch?v=QkJNgal0RRE']","3¬†weeks, 2¬†days ago",13,30,17888,552,2077,https://api.bitchute.com/video/9yEjcqlm2nhQ
GtR24YDetu0,WEF Just Admitted CASH Will Soon be Illegal,No Hashtags,570,2:13,Solari Report,solarireport,"Financial Transaction Freedom - this freedom must be protected at all costs.


If we lose this battle they will take everything, there is no safe place to put your money.


If you want to understand what threatens financial transaction freedom‚Äîand the actions that individuals, families, investors, and state and local governments can take to secure it‚Äîthis Wrap Up is essential reading.


Full report: <https://home.solari.com/1st-quarter-2023-wrap-up-the-future-of-financial-freedom-pdf-now-available/>


‚û°Ô∏è And find more resources on [solari.com](http://solari.com)


Subscribe to [shop.solari.com](http://shop.solari.com)


#freedom #control #digital #cash #CBDC

","['https://home.solari.com/1st-quarter-2023-wrap-up-the-future-of-financial-freedom-pdf-now-available/', 'http://solari.com', 'http://shop.solari.com']","3¬†weeks, 5¬†days ago",24,1,4759,624,595,https://api.bitchute.com/video/GtR24YDetu0
HT7Ep3UIPobm,Lakeland McDonald‚Äôs employee accused of firing gun at customer‚Äôs car after drive-thru fight: USA,"#looters-shot-gang,#racist-shooting-fight,#thief-blacks-liberal-looting",484,1:29,Possumkicker Catch-22,ufo-aliens-woke-war-ww3-crazy-covid-22,"Lakeland McDonald‚Äôs employee accused of firing gun at customer‚Äôs car after drive-thru fight:   
LAKELAND, Fla. - A McDonald's drive-thru employee in Lakeland was arrested for firing gunshots at a customer's car early Friday morning.  
The Lakeland Police Department said Chassidy Gardner, 22, brought a Glock 22 to work and got frustrated when a customer told her she messed up their order.  
Surveillance video shows Gardner opening the drive-thru window and throwing a drink at customers. One of the customers then opens the window, reaches inside, and throws cups at employees.

",[],"2¬†weeks, 1¬†day ago",8,1,1315,360,493,https://api.bitchute.com/video/HT7Ep3UIPobm
RgEa_NMN3uA,Andy Schectman: ¬®Biden Permission For Ukraine To Attack Inside Russia Sets Dangerous Precedent¬®,No Hashtags,451,39:50,Arcadia Economics,arcadiaeconomics,"Andy Schectman: ¬®Biden Permission For Ukraine To Attack Inside Russia Sets Dangerous Precedent¬®


It hasn't been a good year in the way some of the ongoing military tensions have escalated. And that didn't change late last week when reports emerged that Joe Biden has given his permission for Ukraine to use US weapons for strikes inside of Russia.


Aside from whether Joe Biden should be giving permission as to what the Ukraine can and can't do, it's the latest step in what seems to be an even further escalation in the divide between Russia and the NATO nations. And in today's show Andy Schectman of Miles Franklin joins me to share his thoughts on the new.


At the same time, reports from Trump's economic team have shed light on what may be in store for the Federal Reserve and the dollar if he wins the election. Which means that as we head towards November, it's going to be a busy time in the financial and precious metals markets.


To find out more, click to watch the video now!


-


Today‚Äôs show is brought to you with the support of Miles Franklin Precious Metals, who we encourage you to consider on your next precious metals purchase or sale!


To take advantage of this week‚Äôs Miles Franklin silver special and get Silver Britannias for only $3.15 over spot contact us now at:  
833-326-4653  
[Arcadia@MilesFranklin.com](mailto:Arcadia@MilesFranklin.com)


Arcadia is a licensed Miles Franklin broker, and we're happy to help with any of your precious metals questions, or put you in touch with Chris.


-  
To join our free email list and never miss a video click here: <https://arcadiaeconomics.com/email-signup/>  
-  
To get on the waiting list for your very own ¬¥Silver Chopper Ben¬¥ sterling silver figurine click here: <https://arcadiaeconomics.com/get-a-chopper-ben/>  
-  
To get your paperback or audio copy of The Big Silver Short go to:  
<https://arcadiaeconomics.com/thebigsilvershort/>


Find Arcadia Economics content on these sites:  
YouTube - <https://www.youtube.com/user/ArcadiaEconomics>  
Rumble - <https://rumble.com/c/ArcadiaEc>..

","['mailto:Arcadia@MilesFranklin.com', 'https://arcadiaeconomics.com/email-signup/', 'https://arcadiaeconomics.com/get-a-chopper-ben/', 'https://arcadiaeconomics.com/thebigsilvershort/', 'https://www.youtube.com/user/ArcadiaEconomics', 'https://rumble.com/c/ArcadiaEc']","3¬†weeks, 4¬†days ago",9,0,1416,600,460,https://api.bitchute.com/video/RgEa_NMN3uA
OEBwlih1rhg,After July 4th One Thing You Can Be Certain of Is The Currency Will Be Trashed.,No Hashtags,406,22:17,maneco64,maneco64,"#labour #conservative #inflation #taxation #investing 


Keep your possessions safe with The Dirtyman Safe - Use the maneco10 promo code for a 10% discount: <https://dirtymansafe.wishpondpages.com/maneco/>


Get your World Enslavement Forum hoodie or t-shirt and more thought-provoking designs to awaken sleeping minds here: <https://wideawake.clothing/?sca_ref=4111775.wgYmKdIDoj>


Where to Buy Precious Metals:


In North America:


Miles Franklin Precious Metals Investments: send an email to [info@milesfranklin.com](mailto:info@milesfranklin.com) and mention Mario or maneco64 or call 1-800-822-8080


In the U.K. but will ship worldwide:


Contact Oliver Temple or Simon Temple at Gold Investments:


Use promo code maneco64krug to get a 2% discount on 1 troy ounce gold Krugerrands at <https://www.goldinvestments.co.uk/>


Use promo code maneco64tenth to get a 1% discount on 1/10 ounce gold Britannia coins at <https://www.goldinvestments.co.uk/>


For all other products use promo code maneco64 separately for a 0.5% discount


GlintPay App, Save and Spend in Gold - Use referral code marioGlint79  
<https://glintpay.com/>


SUPPORT the Channel:


PayPal: <https://www.paypal.me/maneco64>


Patreon: <https://www.patreon.com/maneco64>


maneco64 blog: [www.maneco64.net](http://www.maneco64.net)


DISCLAIMER: I am not a financial adviser. These videos are for educational purposes only. Investing of any kind involves risk. Your investment and other financial decisions are solely your responsibility. It is imperative that you conduct your own research and seek professional advice as necessary. I am merely sharing my opinions.


AFFILIATE DISCLOSURE: Some of the links on this channel are affiliate links, meaning at no cost to you I earn a commission if you click through and make a purchase. However, I only recommend products or services that I believe in.

","['https://dirtymansafe.wishpondpages.com/maneco/', 'https://wideawake.clothing/?sca_ref=4111775.wgYmKdIDoj', 'mailto:info@milesfranklin.com', 'https://www.goldinvestments.co.uk/', 'https://www.goldinvestments.co.uk/', 'https://glintpay.com/', 'https://www.paypal.me/maneco64', 'https://www.patreon.com/maneco64', 'http://www.maneco64.net']",1¬†week ago,18,0,3159,168,424,https://api.bitchute.com/video/OEBwlih1rhg
5e9xcL1Xcapd,The Alex Jones Show (06/24/2024),"#alex,#jones,#info",365,3:15:51,Bart Fine,wwwbitchutecombartfinemy-channel,"Alex Jones has been right about everything 

",[],"1¬†week, 1¬†day ago",2,1,386,192,368,https://api.bitchute.com/video/5e9xcL1Xcapd
jXAjjEGFvkTT,Michael Saylor shares his experience visiting Harvard Business School ü™ô,"#saylor,#bitcoin,#harvard",343,2:02,MAGAlionHAT,magalionhat,"MicroStrategy (MSTR) on Thursday (6/20/2024) announced that it purchased another 11,931 bitcoin for about $786 million. MicroStrategy acquired the bitcoin at roughly $65,833 per BTC. As of June 20, the software company holds 226,331 bitcoin that it acquired at an average price of $36,798 per bitcoin.


We are still so early.


ü¶Å [www.MAGAlionHAT.com](http://www.MAGAlionHAT.com) ü¶Å  
-------------------------------------------------------------------------------------------------------  
Enjoy the content I provide? Please help support this renegade channel with PayPal! üí∞  
PayPal: [MAGAlionHAT@Gmail.com](mailto:MAGAlionHAT@Gmail.com)


Or, if you like you can Buy Me A Coffee: <https://www.buymeacoffee.com/MAGAlionHAT>


Crypto wallet addresses below. If you have a type of Crypto you wish to donate that I don't have a wallet for, email me and I will create one! ü§ë


It keeps me afloat while I'm working to produce informative and entertaining videos while finding and providing gems from other creators for you to enjoy! ü§ó  
Any donation would be GREATLY appreciated! Thank you and God Bless! üôè


‚Çøitcoin (BTC):  
bc1q63xshh2c2u4tvc6jksl5crlhtp554qu0l4nn8j


‚Çøitcoin Cash (BCH):  
qqms8t79e6rk5z5djad360d38y9kkqnh7yfpxkkuy5


‚Çøitcoin SV (BSV):  
1F6oH8qkMjswViJSwq965gRivE3DqKuJKC


Litecoin (LTC):  
LgxrUdjUxnmFGLtsAbh76C3aAm3dXAGDFV


Dogecoin (DOGE):  
DGn5bkC9WM1E2oM79HWiYoVxE3rHuEGkoS


Ethereum Classic (ETC):  
0xC03AEe5333D50a20810e1A7585D9BB3f77E0B773


Ethereum (ETH):  
0x27d5493Ac22D56B68cF36F5f77594BDC8e6FAc5E


Shiba Inu (SHIB):  
0x27d5493Ac22D56B68cF36F5f77594BDC8e6FAc5E


Chainlink (LINK):  
0x27d5493Ac22D56B68cF36F5f77594BDC8e6FAc5E

","['http://www.MAGAlionHAT.com', 'mailto:MAGAlionHAT@Gmail.com', 'https://www.buymeacoffee.com/MAGAlionHAT']","1¬†week, 5¬†days ago",27,5,1679,288,375,https://api.bitchute.com/video/jXAjjEGFvkTT
WNj3aDf3VXkv,A history of central banking and the enslavement of mankind by Stephen Goodson,"#history,#central,#banking",312,3:24:00,Vincent Fusco Q,vincentfusco,"A history of central banking and the enslavement of mankind by Stephen Goodson


<https://www.bitchute.com/channel/ghard_joe/>

",['https://www.bitchute.com/channel/ghard_joe/'],"3¬†weeks, 6¬†days ago",10,1,3943,648,323,https://api.bitchute.com/video/WNj3aDf3VXkv
5GxVdbfiCFhl,Mindset is Everything,"#fire,#mindset,#memos",311,10:56,JiveBoy,jiveboy,"""Everyone saying ""mindset"" is selling something,"" one anon said on X.  
I have gathered the best mindset tips designed to help the ""hopeless"" zoomer and even older people. H/T to the BowTiedBull, ChatGPT, Tony Robbins and ""Bob.""  
Winter is coming guys. Pad your savings with free shares you get for referring friends to WeBull: <https://bit.ly/3yp0r0A>  
You can also grab $30 for each person you refer to eToro (crypto brokerage): <https://etoro.tw/4eCmaTJ>


This audio is from the book ""Memos to the FI-RE Army.""  
<https://adbl.co/49O7vkp>

","['https://bit.ly/3yp0r0A', 'https://etoro.tw/4eCmaTJ', 'https://adbl.co/49O7vkp']","2¬†weeks, 2¬†days ago",0,0,15,384,311,https://api.bitchute.com/video/5GxVdbfiCFhl
h6TGI01pWXE,"IT'S ABOUT TO GET WILD, $10,000 SILVER? HOTEL OVERRUN IN NYC, PREPARE FOR CHAOS",No Hashtags,308,9:20,Bull Boom - Bear Bust,bullboom,"Back with another dose of economic reality: I can't believ some of the financial and economic news we have to discuss today.  
Got Silver? Here us were I buy mine. JM Bullion has a huge silver selection: <https://tidd.ly/3t3RcAf>


üîå Prepare for blackouts, Dual (propane or Gas) Power Generator, Home & RV Ready: <https://amzn.to/3Ub5okH>


Grab a pair of my favorite earbuds, tangle resistant, fantastic sound, and super durable: <https://amzn.to/3LyhUaT>  
Thank you for being a part of my channel. I am an investor that also works in the finance industry. I also am a news-hound and love keeping updated on the latest economic, financial, and business news. Economic 'boom and bust' cycles are very fascinating to me so and I have had some very good luck in the stock market, precious metals and investing in real estate, therefore, I have decided to share my research, knowledge, news digging, and analysis with the world via this channel.


This channel contains news and analysis that often includes 'one mans opinion'. The information conveyed should never be taken as investment advice. Everyone should do their own due diligence and research before making investment and money decisions.

","['https://tidd.ly/3t3RcAf', 'https://amzn.to/3Ub5okH', 'https://amzn.to/3LyhUaT']","3¬†weeks, 5¬†days ago",6,1,149,624,315,https://api.bitchute.com/video/h6TGI01pWXE
